"rep1","rep2","rep3","rep4","rep5","rep6","rep7","rep8","rep9","rep10"
0.999999999918053,0.999999928779299,0.999999977063953,0.999999999609983,0.999999999999832,0.999999316000665,0.999999995009199,0.999999988810409,0.999999999993957,0.999999976646134
0.99999999979205,0.999999864248675,0.999999953653744,0.999999999076563,0.999999999999467,0.999998795311407,0.999999989283913,0.999999976874897,0.999999999983191,0.999999953029357
0.999999999575102,0.999999777309658,0.999999920488483,0.999999998210895,0.999999999998709,0.999998140062585,0.999999980738684,0.999999959635605,0.999999999963151,0.999999919705558
0.999999999223928,0.999999661998401,0.999999874671067,0.999999996875499,0.999999999997276,0.999997317651467,0.999999968423384,0.999999935443195,0.99999999992858,0.999999873818794
0.999999998680556,0.999999511826226,0.999999812863202,0.999999994893602,0.999999999994742,0.999996296505027,0.999999951190749,0.999999902361764,0.999999999872059,0.999999812091454
0.999999997868089,0.999999319365129,0.999999731116153,0.999999992038712,0.999999999990473,0.999995042433139,0.99999992764065,0.999999858074265,0.999999999783272,0.999999730656219
0.999999996685695,0.999999076050432,0.999999624755778,0.999999988023102,0.999999999983541,0.99999351751701,0.999999896070582,0.999999799810512,0.999999999648104,0.999999624944806
0.999999995002519,0.999998772012081,0.999999488267075,0.999999982484282,0.999999999972623,0.999991679461236,0.999999854421418,0.999999724271991,0.999999999447488,0.999999489577286
0.999999992650305,0.999998395902237,0.999999315168212,0.999999974969019,0.999999999955848,0.999989481054622,0.999999800215934,0.999999627548495,0.999999999155964,0.999999318241796
0.999999989414486,0.999997934709899,0.999999097870436,0.999999964914496,0.999999999930615,0.999986869646145,0.999999730488737,0.999999505024474,0.999999998739883,0.999999103561035
0.99999998502346,0.999997373558493,0.999998827521545,0.999999951626136,0.999999999893344,0.999983786603625,0.999999641706375,0.999999351273623,0.999999998155176,0.999998836943361
0.999999979135736,0.999996695483859,0.999998493830935,0.999999934251604,0.999999999839161,0.99998016674102,0.999999529676395,0.999999159940223,0.999999997344599,0.999998508416591
0.999999971324571,0.999995881190409,0.999998084874181,0.999999911750387,0.999999999761489,0.999975937706622,0.999999389443974,0.999998923605766,0.99999999623434,0.9999981064426
0.999999961059682,0.99999490878339,0.999997586875005,0.999999882858306,0.999999999651534,0.999971019326894,0.999999215174641,0.999998633639221,0.999999994729877,0.99999761771075
0.999999947685522,0.999993753475066,0.999996983962338,0.999999846046211,0.999999999497623,0.999965322901661,0.999999000021462,0.999998280029186,0.999999992710906,0.999997026907972
0.99999993039558,0.99999238726256,0.999996257899949,0.999999799472033,0.999999999284374,0.999958750446763,0.999998735974852,0.999997851196007,0.999999990025195,0.99999631646323
0.999999908202015,0.999990778574924,0.999995387785941,0.999999740925225,0.99999999899165,0.999951193880318,0.999998413693051,0.999997333781751,0.999999986481125,0.999995466263807
0.999999879899923,0.99998889188687,0.99999434971916,0.999999667762543,0.99999999859325,0.999942534148746,0.999998022311038,0.999996712415759,0.999999981838694,0.999994453340727
0.999999844025336,0.999986687296374,0.999993116429296,0.999999576833957,0.999999998055273,0.999932640288545,0.999997549225481,0.99999596945325,0.999999975798678,0.999993251520338
0.999999798806022,0.999984120063207,0.999991656867224,0.999999464397338,0.999999997334091,0.999921368419682,0.999996979853057,0.999995084684258,0.99999996798963,0.999991831038846
0.999999742103927,0.999981140105196,0.999989935751776,0.999999326020409,0.999999996373831,0.99990856066624,0.999996297359209,0.999994035009925,0.999999957952315,0.999990158116338
0.999999671348033,0.99997769144883,0.999987913068873,0.999999156468253,0.999999995103273,0.999894043999792,0.999995482354137,0.99999279408289,0.999999945121121,0.999988194486515
0.999999583456151,0.999973711630556,0.999985543518565,0.99999894957447,0.999999993432032,0.999877629000727,0.99999451255248,0.999991331908252,0.999999928801934,0.999985896878065
0.999999474744028,0.999969131044866,0.999982775905187,0.999998698093847,0.999999991245877,0.999859108532536,0.999993362392833,0.999989614401256,0.999999908145837,0.999983216443263
0.999999340819897,0.99996387223501,0.999979552465408,0.999998393534145,0.999999988400997,0.999838256323836,0.999992002612863,0.999987602897511,0.999999882117942,0.999980098129025
0.999999176462355,0.999957849121869,0.999975808128572,0.999998025964345,0.999999984717023,0.999814825452641,0.999990399775357,0.999985253611214,0.999999849460519,0.999976479985267
0.999998975479184,0.999950966166233,0.999971469703237,0.999997583796359,0.999999979968522,0.999788546727174,0.999988515740152,0.999982517036429,0.999999808649478,0.999972292404998
0.999998730544392,0.999943117459396,0.999966454983346,0.999997053536887,0.999999973874692,0.999759126957226,0.999986307076377,0.999979337286073,0.9999997578431,0.999967457290147
0.999998433010433,0.999934185736637,0.999960671766946,0.999996419505725,0.999999966086876,0.999726247109836,0.999983724408939,0.999975651362795,0.999999694821754,0.999961887136634
0.999998072692141,0.999924041307822,0.999954016779815,0.999995663516386,0.999999956173491,0.999689560342793,0.99998071169263,0.999971388355472,0.999999616917158,0.999955484031721
0.999997637618486,0.999912540898943,0.999946374495743,0.999994764514459,0.999999943601861,0.999648689909204,0.999977205406629,0.999966468554481,0.999999520929497,0.999948138556106
0.99999711374778,0.999899526398049,0.999937615844614,0.999993698168615,0.999999927716383,0.999603226926135,0.999973133661517,0.999960802478396,0.999999403030499,0.999939728582685
0.999996484641372,0.999884823498593,0.999927596798724,0.999992436408588,0.999999907712317,0.999552728000045,0.999968415210207,0.999954289804115,0.999999258650265,0.999930117963271
0.999995731090318,0.999868240232767,0.999916156827061,0.999990946903882,0.999999882604408,0.999496712701537,0.999962958353467,0.999946818191811,0.999999082345346,0.999919155093923
0.999994830688768,0.999849565386966,0.999903117206536,0.999989192476211,0.999999851189382,0.999434660881677,0.999956659729842,0.999938261995381,0.999998867645196,0.999906671348837
0.999993757347088,0.999828566791006,0.999888279178284,0.999987130438008,0.999999812001195,0.999366009821943,0.999949402978926,0.999928480848371,0.999998606873729,0.999892479372045
0.999992480736896,0.999804989472262,0.999871421936353,0.999984711848447,0.999999763257757,0.999290151209662,0.999941057265995,0.999917318114511,0.999998290942226,0.99987637121535
0.999990965659195,0.99977855366533,0.999852300435141,0.999981880677558,0.999999702797583,0.999206427930617,0.99993147565493,0.999904599191216,0.999997909109351,0.999858116310146
0.999989171325826,0.999748952667315,0.99983064300101,0.999978572868021,0.99999962800462,0.999114130670375,0.999920493315333,0.999890129653477,0.999997448703421,0.999837459259876
0.999987050543213,0.999715850528245,0.999806148732469,0.999974715283122,0.999999535719178,0.99901249431578,0.999907925548479,0.999873693224607,0.999996894801407,0.999814117438993
0.999984548786154,0.999678879565586,0.999778484672266,0.999970224528193,0.999999422132557,0.998900694147985,0.999893565615536,0.999855049559341,0.999996229858421,0.999787778383301
0.999981603147949,0.9996376376912,0.999747282733601,0.999965005631523,0.999999282662592,0.998777841818421,0.999877182350105,0.999833931823663,0.999995433280566,0.99975809695557
0.999978141151577,0.999591685538504,0.999712136361504,0.999958950569339,0.999999111806863,0.998642981099126,0.999858517535657,0.999810044054648,0.999994480933103,0.99972469226925
0.999974079404911,0.999540543376971,0.999672596909211,0.999951936617871,0.999998902969821,0.99849508339902,0.999837283026953,0.999783058282364,0.999993344574794,0.999687144352024
0.999969322080986,0.999483687800499,0.999628169708081,0.999943824513852,0.999998648259482,0.99833304303791,0.999813157592814,0.999752611394662,0.9999919912081,0.999644990529787
0.999963759202242,0.999420548175544,0.999578309808319,0.99993445640292,0.999998338248652,0.998155672270346,0.999785783455913,0.999718301724321,0.999990382333552,0.999597721510452
0.999957264705271,0.999350502834319,0.9995224173664,0.999923653553404,0.99999796169487,0.997961696051881,0.999754762503361,0.999679685336646,0.999988473095083,0.999544777145807
0.99994969426003,0.999272874997715,0.999459832653726,0.999911213810768,0.999997505212373,0.997749746540861,0.999719652139924,0.999636271994162,0.999986211301448,0.999485541848334
0.999940882814597,0.999186928412082,0.999389830659638,0.99989690876562,0.999996952888313,0.997518357329593,0.999679960753597,0.999587520773549,0.99998353630691,0.999419339638711
0.999930641833407,0.999091862683377,0.999311615260524,0.999880480605593,0.999996285834352,0.997265957399643,0.999635142761133,0.999532835308374,0.999980377732272,0.999345428798374
0.99991875619346,0.998986808291745,0.999224312925328,0.999861638618622,0.99999548166334,0.996990864797118,0.99958459319878,0.999471558629626,0.999976654004929,0.999262996100286
0.999904980699158,0.998870821269088,0.999126965926435,0.999840055312105,0.999994513879302,0.996691280025099,0.999527641821164,0.999402967574343,0.999972270693979,0.999171150589772
0.999889036172315,0.998742877521808,0.999018525023536,0.999815362109171,0.999993351167182,0.996365279151977,0.999463546668736,0.999326266731032,0.999967118613412,0.999068916886057
0.999870605069282,0.998601866780631,0.998897841586847,0.999787144579735,0.99999195656679,0.996010806636293,0.999391487061694,0.999240581888831,0.999961071663136,0.998955227973977
0.999849326572171,0.998446586159191,0.9987636591249,0.999754937160252,0.999990286513132,0.995625667870872,0.999310555975671,0.999144952955743,0.999953984373849,0.998828917454231
0.999824791095716,0.998275733303025,0.998614604181123,0.999718217311994,0.999988289722704,0.99520752145157,0.999219751751848,0.999038326309606,0.999945689117684,0.998688711219597
0.999796534145399,0.998087899110748,0.998449176562601,0.999676399063321,0.999985905902376,0.994753871178858,0.999117969091489,0.998919546543887,0.99993599294196,0.998533218523665
0.999764029456022,0.997881560009453,0.99826573886384,0.99962882587677,0.999983064254152,0.994262057803857,0.99900398928228,0.998787347568894,0.999924673978299,0.998360922408071
0.999726681332922,0.997655069766939,0.998062505248118,0.999574762776838,0.999979681745271,0.993729250534241,0.998876469601306,0.998640343027668,0.999911477373699,0.998170169453801
0.999683816110497,0.997406650824187,0.997837529449084,0.999513387669104,0.999975661108805,0.993152438319825,0.998733931837036,0.998477015984604,0.999896110683927,0.997959158822096
0.99963467263455,0.997134385132626,0.997588691955899,0.999443781775812,0.99997088853502,0.992528420942545,0.998574749870473,0.998295707843973,0.999878238662652,0.997725930550806
0.999578391666208,0.996836204482246,0.997313686346329,0.999364919107244,0.999965231008205,0.99185379994114,0.998397136253641,0.998094606454854,0.999857477372082,0.997468353072834
0.99951400409583,0.996509880308572,0.997010004734097,0.999275654882184,0.99995853323743,0.991124969407053,0.99819912772198,0.997871733358803,0.999833387532434,0.99718410992466
0.999440417845286,0.996153012968955,0.996674922299394,0.999174712804548,0.999950614122583,0.990338106695013,0.997978569576097,0.997624930136827,0.999805467018239,0.996870685614971
0.99935640332646,0.995763020481675,0.996305480875158,0.999060671096845,0.999941262689047,0.989489163099532,0.997733098867824,0.997351843813131,0.99977314239928,0.996525350626259
0.999260577312638,0.99533712672505,0.995898471566449,0.998931947184696,0.999930233415358,0.988573854557035,0.997460126325863,0.997049911274684,0.999735759412698,0.996145145526002
0.999151385067793,0.99487234909818,0.995450416386395,0.998786780920167,0.999917240868002,0.987587652442806,0.997156816957527,0.996716342668177,0.999692572240547,0.995726864168959
0.999027080566731,0.994365485650295,0.994957548899868,0.998623216225367,0.999901953546101,0.986525774542201,0.996820069265644,0.996348103739484,0.999642731453637,0.995267035978262
0.998885704626651,0.993813101691918,0.994415793875499,0.99843908103174,0.999883986825835,0.985383176286814,0.996446493023634,0.995941897085545,0.999585270467934,0.994761907300661
0.998725060758225,0.993211515908435,0.993820745958265,0.998231965384965,0.999862894880093,0.984154542358458,0.996032385557556,0.995494142294902,0.999519090343955,0.99420742184072
0.998542688531925,0.99255678600525,0.99316764738878,0.997999197580554,0.999838161432606,0.982834278776922,0.995573706491853,0.99500095496117,0.999442942742519,0.993599200190087
0.998335834243404,0.991844693923603,0.992451364812121,0.997737818191517,0.999809189187831,0.981416505601489,0.995066050925995,0.994458124563763,0.999355410831871,0.992932518481671
0.998101418650627,0.99107073067758,0.991666365238752,0.997444551847085,0.999775287757599,0.979895050391115,0.994504621022753,0.993861091222686,0.999254887921619,0.992202286214737
0.997836001545696,0.990230080875904,0.990806691243297,0.997115776621015,0.999735659883135,0.978263442583887,0.99388419600589,0.9932049213493,0.999139553578115,0.991403023316051
0.997535742916545,0.989317607006939,0.989865935513994,0.996747490889889,0.999689385726057,0.976514908972818,0.993199100586295,0.992484282233258,0.999007346954133,0.990528836524562
0.997196360448699,0.988327833582192,0.988837214896973,0.996335277526793,0.999635404974297,0.974642370472009,0.992443171861637,0.991693415627615,0.998855937042897,0.989573395213061
0.996813083116109,0.987254931252451,0.987713144115582,0.995874265304577,0.99957249647835,0.972638440384633,0.991609724766193,0.990826110419916,0.99868268954326,0.988529906790225
0.996380600613929,0.986092701031902,0.98648580938617,0.995359087396415,0.999499255099601,0.97049542440166,0.990691516185465,0.989875674507409,0.998484629999231,0.987391091860731
0.995893008396424,0.984834558789031,0.985146742198455,0.994783836880788,0.999414065415645,0.968205322577686,0.989680707895344,0.988834906029879,0.998258402853887,0.986149159360238
0.995343748101942,0.983473520189115,0.983686893581263,0.994142019184513,0.999315071887354,0.96575983354699,0.988568828538875,0.98769606415451,0.998000226035489,0.984795781926137
0.994725543176014,0.982002186301596,0.982096609233253,0.993426501432444,0.999200145048888,0.963150361258931,0.987346734915988,0.986450839654213,0.997705840673512,0.983322071814545
0.994030329545969,0.980412730116705,0.980365605963518,0.992629458717814,0.999066843235048,0.960368024526135,0.986004572933983,0.985090325574516,0.997370455525325,0.981718557729232
0.993249181258859,0.978696884249289,0.978482949958636,0.99174231736459,0.998912369310448,0.957403669691359,0.98453173864985,0.983604988344831,0.996988685682172,0.979975162989123
0.992372231072623,0.976845930143781,0.97643703747087,0.990755695324983,0.998733521812352,0.954247886728482,0.982916839930715,0.981984639758208,0.996554485117845,0.978081185527873
0.991388586092379,0.9748506891325,0.974215578606231,0.989659339943661,0.998526639864365,0.950891029099178,0.981147659366453,0.980218410319741,0.996061072647486,0.97602528029143
0.990286238674244,0.972701515739566,0.971805584980557,0.988442063427984,0.998287541162387,0.94732323768859,0.979211119189356,0.9782947245478,0.995500850880537,0.973795444677265
0.989051972983448,0.970388293664334,0.969193362105387,0.987091676493354,0.99801145227879,0.94353446913968,0.97709324909,0.976201278904164,0.994865317784783,0.971379007741276
0.987671267797566,0.967900434920663,0.966364507461913,0.985594920807678,0.997692930477647,0.939514528896115,0.974779157965819,0.973925023128462,0.994144970532389,0.968762623984321
0.986128196395893,0.965226882650879,0.963303915318438,0.98393740104175,0.997325776185677,0.935253109246276,0.972253010798733,0.971452145858486,0.993329201379595,0.965932272618444
0.984405324678912,0.962356118174831,0.959995789442035,0.98210351754616,0.996902935224008,0.930739832635317,0.969498012028948,0.968768065529555,0.992406185446091,0.962873263301185
0.982483609024434,0.959276172873887,0.95642366494497,0.98007640092256,0.996416389879723,0.925964300477024,0.966496396971356,0.965857427661538,0.991362760416092,0.959570249412492
0.980342295815718,0.955974645545404,0.952570440586725,0.977837850040005,0.995857037889537,0.920916147651476,0.963229433005385,0.962704109758865,0.990184298390279,0.95600725002935
0.977958825077637,0.952438725893523,0.948418422918078,0.975368275366765,0.995214558428925,0.915585102817247,0.959677432453553,0.959291235163538,0.988854570386904,0.952167681824656
0.975308741233909,0.948655224844906,0.943949383698594,0.972646649844542,0.99447726425874,0.909961054597321,0.955819779242172,0.955601197309801,0.987355604333759,0.948034402174263
0.972365614653511,0.944610612390885,0.939144632036139,0.969650469923521,0.993631939290445,0.904034123615322,0.95163497160098,0.951615695926237,0.985667537824083,0.943589764794066
0.969100978385582,0.940291063657849,0.933985102678782,0.966355729798925,0.992663661006535,0.897794740262873,0.947100683196728,0.947315786810578,0.983768467443416,0.938815689241314
0.965484285282526,0.935682513892558,0.928451461827208,0.962736912335402,0.991555607433812,0.891233727969749,0.94219384519629,0.942681946856673,0.981634297126242,0.93369374559383
0.961482891566112,0.930770723015305,0.922524231720253,0.958767000623076,0.990288848737489,0.884342391626521,0.936890751802763,0.937694156033261,0.979238588785917,0.928205255559881
0.957062073777809,0.925541350338259,0.916183935068113,0.954417514562362,0.988842124011607,0.877112610675502,0.931167191786291,0.932331997990552,0.976552419392366,0.922331411161918
0.952185086936939,0.919980039965416,0.909411260157981,0.949658577301286,0.987191604518702,0.869536936241437,0.924998608420979,0.926574780892263,0.973544249759669,0.916053411970891
0.946813272558929,0.914072517281318,0.902187247126772,0.944459016720365,0.985310645516615,0.861608691520851,0.918360290019796,0.920401679926201,0.970179811554439,0.90935262163625
0.940906225894679,0.907804696794904,0.894493495478499,0.938786507439541,0.983169529944508,0.853322074490892,0.911227592909734,0.913791902723842,0.966422020441653,0.902210744152599
0.934422032255796,0.901162801430128,0.886312392414847,0.932607758965113,0.980735208668236,0.844672261838619,0.903576198189111,0.906724878607182,0.962230924829998,0.894610019921225
0.927317582484483,0.894133493144463,0.877627360945499,0.92588875554996,0.977971043752732,0.835655512854159,0.895382402939215,0.899180472168924,0.957563701328696,0.886533441199286
0.919548977387343,0.886704014509267,0.868423126052569,0.918595053048657,0.974836563378181,0.826269271880883,0.8866234457089,0.891139221171466,0.952374709722953,0.877964985980259
0.911072030139232,0.878862340602624,0.858685996409642,0.910692137446367,0.971287239580855,0.816512267778309,0.877277865044954,0.882582598115918,0.946615621926247,0.868889868719055
0.901842874126667,0.870597340247761,0.848404158314942,0.902145848760737,0.967274302994553,0.806384608734683,0.86732588860371,0.87349329408382,0.940235640847844,0.859294805611369
0.891818681290697,0.861898945282307,0.8375679776122,0.892922872596549,0.962744612181493,0.795887870672399,0.856749848962757,0.863855522596357,0.933181826253624,0.849168291372461
0.880958492612855,0.852758326171501,0.826170304471057,0.882991299719872,0.957640598915203,0.785025177426816,0.845534620682471,0.853655340281221,0.925399545280282,0.83850088365495
0.869224157867634,0.843168071890446,0.814206775018896,0.872321251576158,0.95190031479173,0.773801270853629,0.833668071489025,0.84288098010653,0.916833065022857,0.827285490424396
0.856581376105123,0.833122371607273,0.801676103001798,0.860885566696514,0.94545760859296,0.762222569037187,0.821141518725354,0.831523191864777,0.907426303246404,0.815517654808121
0.843000821583205,0.822617195314062,0.78858035395426,0.84866053944821,0.938242467590008,0.750297210836748,0.807950180525186,0.819575583507917,0.897123750439953,0.80319583118612
0.82845933221514,0.811650470190971,0.774925193829104,0.835626698668124,0.930181559003374,0.738035085122769,0.794093609605998,0.807034955897378,0.88587157179796,0.790321645647179
0.812941129356989,0.800222249168788,0.76072010373534,0.821769609508934,0.921199009524533,0.725447843223041,0.779576096262515,0.793901622598774,0.873618890981513,0.776900133436138
0.796439029414056,0.788334867894735,0.745978552404534,0.807080677529713,0.91121746038513,0.712548893318583,0.764407026194993,0.780179705585801,0.860319248470971,0.762939945718484
0.778955599943441,0.775993086125384,0.730718118300039,0.791557929943356,0.900159432025595,0.699353375799836,0.748601178348744,0.765877397190078,0.845932215925361,0.748453517932424
0.760504206457559,0.763204209487784,0.714960553931485,0.77520674532021,0.88794902496194,0.68587811891046,0.732178948087175,0.751007178411623,0.830425134401029,0.733457192227146
0.741109891866389,0.749978187582929,0.698731785955964,0.758040500310923,0.87451397097943,0.672141574362646,0.715166481863363,0.735585983850381,0.813774929055854,0.717971287029937
0.720810029315315,0.736327684569024,0.682061846034283,0.740081100479064,0.859788030456877,0.658163732995517,0.697595711155548,0.719635304082821,0.795969936954508,0.702020107661599
0.699654691858284,0.722268118666129,0.664984729139362,0.721359362493206,0.843713706986057,0.643966020956602,0.679504275806676,0.703181217321614,0.777011669076378,0.68563189312902
0.67770668949941,0.707817667473688,0.647538178033906,0.70191521702272,0.826245219685445,0.62957117730325,0.660935330020349,0.686254343669216,0.756916414266001,0.668838695746218
0.655041235829422,0.692997236586694,0.62976339487175,0.681797705903961,0.807351637844286,0.61500311433314,0.64193722802007,0.668889717188742,0.735716583579976,0.651676192029488
0.631745222503398,0.677830389726053,0.611704683236957,0.661064753529304,0.787020044096713,0.600286762346926,0.622563090621008,0.65112657331724,0.713461690274755,0.634183425316375
0.607916099361184,0.662343239447512,0.593409026305518,0.63978270080468,0.765258554878196,0.585447900907937,0.602870258486181,0.633008051755981,0.690218865348396,0.616402482690925
0.583660379782546,0.646564298437191,0.574925609076635,0.618025600056937,0.742098995383322,0.570512978980735,0.58291964239362,0.61458081777916,0.666072822368941,0.598378110962893
0.559091813182192,0.630524292409123,0.556305294652865,0.595874280383692,0.71759900642989,0.555508926590863,0.562774985156192,0.595894607772747,0.641125208698615,0.580157278540597
0.534329287429345,0.614255936654306,0.537600066238228,0.573415204391342,0.691843358482215,0.54046296084254,0.542502053638486,0.57700170760005,0.615493312421668,0.561788691947903
0.509494541455514,0.59779367931061,0.518862447774813,0.550739148222007,0.66494426860297,0.52540238925266,0.522167782356031,0.557956374936378,0.589308133295718,0.543322277362566
0.484709780669963,0.581173415385578,0.500144916880361,0.527939746364419,0.637040562097575,0.510354413403748,0.501839392216684,0.538814218875001,0.562711868658853,0.524808638806088
0.460095293796012,0.564432176427397,0.481499323940884,0.505111950185437,0.608295591517986,0.495345935884589,0.481583508933876,0.519631551752558,0.535854907325554,0.506298505424539
0.435767168792108,0.547607801464195,0.462976330846699,0.482350453778196,0.578893916788012,0.480403373377112,0.46146530544631,0.500464729175876,0.508892461600453,0.487842180621512
0.411835197788692,0.530738595384696,0.444624881964046,0.459748142207742,0.549036852624737,0.465552478566493,0.441547691342263,0.481369494593012,0.48198099540911,0.469489005623115
0.388401047324326,0.513862981288969,0.426491718566276,0.437394615438139,0.518937091061044,0.450818173306283,0.421890569913735,0.462400344422001,0.455274621908743,0.451286849385891
0.365556752047671,0.497019153480339,0.408620946192855,0.41537483633516,0.48881269424577,0.436224395171251,0.402550180230558,0.443609928757855,0.428921645001978,0.433281635645228
0.343383569277034,0.480244737693345,0.391053662364903,0.393767943614081,0.458880813384092,0.421793959189275,0.38357853775382,0.425048501090051,0.403061405918126,0.415516916412418
0.321951210307037,0.463576464863365,0.373827649876904,0.372646261112343,0.429351514757527,0.407548436172537,0.365022982758548,0.406763428382463,0.377821570205221,0.398033499450483
0.301317443931178,0.447049864257195,0.356977138621977,0.352074524110162,0.400422079650698,0.393508048680597,0.346925841471694,0.388798770424455,0.353315955301266,0.380869135291245
0.281528049801677,0.430698981125655,0.340532636702729,0.332109332434511,0.372272094203617,0.379691585256555,0.32932420060242,0.37119493469984,0.329642958439805,0.364058267302728
0.262617085022036,0.414556123241733,0.324520829528417,0.312798829549026,0.345059565684988,0.366116333194494,0.312249792064105,0.353988410286948,0.306884603357145,0.347631846277527
0.244607417318783,0.398651639788859,0.308964543780669,0.294182597417383,0.318918205193176,0.352798029732915,0.295728981331162,0.337211581637962,0.285106186089989,0.331617209080679
0.227511472353308,0.383013735103978,0.293882771601852,0.276291749121983,0.293955916482893,0.339750831233978,0.27978285015524,0.320892620612045,0.264356468197848,0.316038019146761
0.211332140906765,0.367668318800365,0.279290749157371,0.259149195320149,0.270254438625908,0.326987299609846,0.264427362345717,0.305055452954033,0.244668341980767,0.30091426510948
0.196063793212566,0.352638892834141,0.265200082859,0.24277005673092,0.247870015796751,0.314518405000579,0.249673600007962,0.289719793590195,0.226059877450188,0.28626231262238
0.181693351870226,0.337946475171283,0.251618916004485,0.227162192901453,0.226834915978432,0.302353543496471,0.235528056994645,0.2749012436973,0.208535654636303,0.27209500350633
0.168201380746339,0.323609558887743,0.238552128366935,0.212326817304101,0.207159593154798,0.29050056853296,0.221992976291145,0.260611441505387,0.192088286151739,0.258421795740106
0.155563154284148,0.309644104816894,0.226001561321046,0.198259170074007,0.188835282580028,0.278965834468069,0.209066718532609,0.246858258207898,0.176700042150609,0.245248937480663
0.143749679031765,0.296063565261483,0.213966261379361,0.1849492220752,0.171836831693669,0.267754250778963,0.196744149731747,0.233646030144158,0.162344501099877,0.232579668233577
0.132728646423488,0.282878935820286,0.202442735483443,0.172382387134129,0.156125594784315,0.256869345282648,0.185017037473712,0.220975818542935,0.148988163349278,0.220414440456408
0.12246530251698,0.270098832044523,0.191425212004065,0.160540222877169,0.141652252139005,0.246313334791909,0.17387444620267,0.208845688515942,0.13659197881135,0.208751155228106
0.112923226248753,0.25772958743213,0.18090590210565,0.1494011043684,0.128359449374109,0.236087201656752,0.163303123689513,0.197250999606833,0.125112753939547,0.197585406113415
0.104065012690212,0.245775369180216,0.170875256881355,0.138940858434968,0.116184186247359,0.22619077470854,0.153287872251073,0.186184700973721,0.114504415773747,0.186910725950583
0.0958528617324847,0.234238308135232,0.161322216430285,0.129133350016387,0.105059914034129,0.216622813213475,0.143811899723434,0.17563762515475,0.104719121600495,0.176718831954422
0.0882490756386027,0.223118639491415,0.152234447797597,0.119951014963514,0.0949183251714101,0.207381092548851,0.134857146526975,0.165598775285608,0.0957082115271469,0.166999865219868
0.0812164710619764,0.212414850974617,0.143598569408232,0.111365336375043,0.085690837897102,0.198462490434524,0.126404586365227,0.156055601561603,0.0874230079903964,0.157742621404182
0.0747187125541593,0.202123835493881,0.135400360278877,0.103347263767319,0.0773097922604012,0.189863072678683,0.118434499153551,0.146994263629997,0.0798154710576974,0.148934770034688
0.0687205753969049,0.192241045530575,0.127624952879058,0.0958675761327153,0.069709382777919,0.181578177527245,0.110926715668737,0.138399876433918,0.0728387215723926,0.140563060515288
0.0631881459174831,0.182760646849453,0.12025700902498,0.0888971912808803,0.0628263579869491,0.173602497836272,0.103860834147311,0.130256737788759,0.0664474460200021,0.132613513476081
0.0580889673971966,0.173675669443715,0.113280878626643,0.0824074248190236,0.0566005190780432,0.165930160413838,0.0972164096461854,0.122548536643824,0.0605981977398228,0.125071596617919
0.0533921393628913,0.16497815395531,0.106680741471297,0.076370202763191,0.050975049497473,0.158554801999308,0.0909731174263086,0.115258541560786,0.0552496090406477,0.117922384644025
0.0490683775462337,0.156659292132528,0.100440732518145,0.0707582321359817,0.0458967056114837,0.151469641461997,0.085110891943269,0.108369769425548,0.0503625281377435,0.111150703242948
0.0450900411761119,0.148709560191519,0.0945450514059455,0.0655451340501164,0.0413158958014399,0.144667547906587,0.0796100432448861,0.101865134804837,0.0459000938075027,0.104741257393464
0.0414311335910906,0.141118844231109,0.0889780570434572,0.0607055437504179,0.0371866721616005,0.138141104468209,0.0744513527013992,0.0957275806692109,0.041827759414275,0.0986787445063834
0.038067281463493,0.133876557107058,0.083724348269587,0.056215181932731,0.0334666556274927,0.131882667665609,0.0696161500452274,0.0899401914380239,0.0381132766218301,0.0929479531059694
0.0349756972448506,0.126971746400432,0.0787688316431544,0.0520509014143124,0.030116912098187,0.125884422255899,0.0650863736894442,0.0844862894682601,0.0347266477482868,0.0875338478909404
0.0321351287951905,0.120393193313985,0.0740967774583442,0.0481907129274675,0.0271017940735831,0.120138431599326,0.0608446162406538,0.0793495162171618,0.0316400544197024,0.082421642108253
0.029525799559297,0.114129502500477,0.0696938650879914,0.044613793471712,0.0243887595889356,0.114636683597583,0.0568741570347685,0.0745138993676063,0.0288277689635761,0.0775968582285494
0.0271293421091894,0.108169182968724,0.0655462187389553,0.0413004803091817,0.0219481778288446,0.10937113231499,0.0531589834133488,0.0699639072239068,0.0262660538822275,0.0730453779365659
0.0249287273866887,0.102500720328443,0.0616404346674519,0.0382322533382187,0.0197531287461168,0.104333735428997,0.0496838023321564,0.0656844916722304,0.0239330537677957,0.0687534824487308
0.0229081915530113,0.0971126407258256,0.0579636008521481,0.0353917082417969,0.0177792022814946,0.099516487685758,0.0464340437592127,0.0616611209614125,0.0218086831670131,0.0647078841489873
0.0210531619815332,0.09199356689052,0.0545033100631395,0.0327625224881467,0.016004301350585,0.094911450558624,0.0433958571824064,0.0578798035029304,0.0198745131704602,0.0608957504972161
0.019350183611536,0.0871322667639602,0.0512476671990886,0.0303294159652859,0.0144084516008573,0.0905107783232602,0.0405561024107206,0.0543271038186498,0.0181136588794244,0.0573047211166489
0.0177868466103462,0.0825176952112268,0.0481852916956007,0.0280781077617764,0.0129736200089416,0.0863067407733647,0.0379023357215819,0.0509901516862248,0.0165106693833722,0.0539229189108054
0.0163517160639429,0.0781390293363823,0.0453053157376188,0.0259952703639052,0.011683543652129,0.0822917428065137,0.0354227922818733,0.0478566454484925,0.015051421451075,0.0507389559997219
0.0150342642268634,0.0739856979268671,0.042597378939001,0.0240684823244522,0.0105235694158258,0.0784583411111558,0.0331063656532825,0.0449148503678351,0.0137230177871726,0.0477419352018964
0.0138248057062907,0.0700474055482344,0.0400516200848541,0.0222861802692505,0.00948050496191553,0.0747992581838812,0.0309425850847659,0.0421535928216755,0.012513690422489,0.0449214477244384
0.0127144358280366,0.0663141517982465,0.0376586664676103,0.0206376109433206,0.00854248095630031,0.071307393901472,0.028921591196405,0.0395622510527907,0.0114127095805242,0.0422675676608127
0.0116949723295925,0.0627762462109431,0.035409621286954,0.0191127838565618,0.00769882431566748,0.0679758348653846,0.0270341105699006,0.0371307431092927,0.0104102981850923,0.0397708438344863
0.0107589004437621,0.0594243192782249,0.0332960495269425,0.0177024249677579,0.00693994206552215,0.0647978617277554,0.0252714296811614,0.0348495125348301,0.00949755203686323,0.0374222894685216
0.00989932137230219,0.0562493300301823,0.0313099626712949,0.0163979317428789,0.00625721528856022,0.0617669546981857,0.0236253685395387,0.0327095123004034,0.0086663655825324,0.0352133701062993
0.00910990409955642,0.053242570586905,0.0294438025698909,0.0151913298372603,0.00564290257207154,0.0588767974198044,0.0220882543356993,0.03070218740546,0.00790936312334358,0.0331359901574457
0.00838484045874445,0.0503956680648454,0.0276904247260242,0.0140752315792199,0.00509005232514446,0.0561212793917703,0.0206528953453252,0.02881945651776,0.00721983525454463,0.0311824783958831
0.00771880333619581,0.0477005841906936,0.0260430812347414,0.0130427963731865,0.00459242332285435,0.0534944971037244,0.0193125552881403,0.0270536929688325,0.00659168028967514,0.0293455726937757
0.00710690787953435,0.0451496129458269,0.0244954035674889,0.0120876930917513,0.00414441283890258,0.0509907540359495,0.0180609283005481,0.0253977053745054,0.00601935039972485,0.0276184042359583
0.00654467556306031,0.0427353765351686,0.0230413853670463,0.0112040644866727,0.00374099174522003,0.0486045596673398,0.0168921146447562,0.0238447181077496,0.00549780218413584,0.0259944814241006
0.00602800095602412,0.04045081994614,0.0216753653890879,0.0103864936174019,0.00337764598290188,0.0463306276218695,0.0158005972470697,0.0223883518136098,0.00502245138587571,0.0244676736481959
0.00555312103604177,0.0382892043365427,0.0203920107023909,0.00962997227090769,0.00305032384042446,0.0441638730731846,0.0147812191324438,0.021022604122989,0.0045891314643648,0.0230321950747564
0.0051165868896516,0.0362440994649022,0.0191863002384442,0.00892987132742545,0.00275538851008576,0.0420994095163256,0.0138291618008656,0.0197418306931171,0.00419405574626712,0.0216825885761164
0.00471523764421134,0.0343093753531193,0.0180535087626976,0.00828191301227843,0.00248957543025377,0.0401325450054811,0.0129399245731734,0.0185407266773532,0.00383378288375177,0.020413709903247
0.00434617647936377,0.0324791933492921,0.016989191323679,0.00768214496333304,0.00224995395801105,0.038258777947107,0.0121093049190641,0.0174143087051372,0.00350518536175545,0.0192207121852018
0.0040067485716663,0.0307479967383116,0.0159891682224288,0.00712691603625793,0.00203389295321927,0.0364737925287771,0.0113333797678663,0.0163578974341402,0.00320542080922086,0.0180990308215263
0.00369452083227854,0.0291105010292617,0.0150495105329184,0.00661285376496579,0.00183902989023912,0.034773453855732,0.0106084877928021,0.0153671007205721,0.00293190588360795,0.0170443688193981
0.00340726330451451,0.0275616840317465,0.0141665261941075,0.00613684339193508,0.00166324314709544,0.033153802859311,0.00993121265158714,0.0144377974399528,0.00268229251269306,0.0160526826147256
0.0031429320953371,0.0260967758179388,0.0133367466858445,0.00569600838210613,0.00150462715349639,0.0316110510342381,0.00929836716004035,0.0135661219791047,0.00245444629241376,0.0151201684056796
0.00289965372230412,0.0247112486533305,0.0125569142937373,0.00528769233437534,0.00136147010865297,0.0301415750551025,0.00870697837062876,0.0127484494104543,0.0022464268540109,0.0142432490179805
0.00267571076491273,0.0234008069667665,0.0118239699622506,0.00490944220607087,0.00123223400723735,0.0287419113162942,0.00815427352433745,0.0119813813516959,0.00205647002776764,0.0134185613135198
0.0024695287166168,0.0221613774192719,0.0111350417304518,0.00455899276794281,0.00111553673707401,0.0274087504340989,0.00763766684173163,0.0112617325072497,0.00188297164410765,0.0126429441473963
0.00227966394092303,0.0209890991213396,0.0104874337409111,0.004234252209936,0.001010136035329,0.0261389317446105,0.00715474711739953,0.0105865178825692,0.00172447282560199,0.0119134268730344
0.0021047926418427,0.0198803140396262,0.00987861580912126,0.00393328882116789,0.000914915111134789,0.0249294378265373,0.00670326608098084,0.00995294065802595,0.00157964663548983,0.0112272183905934
0.00194370076554478,0.0188315576263274,0.0093062135383371,0.00365431867097551,0.000828869761866745,0.0237773890738478,0.00628112748757506,0.0093583807056975,0.00144728595961636,0.0105816967302374
0.00179527475629402,0.0178395496977626,0.00876799896284581,0.00339569422151156,0.000751096827791389,0.0226800383394791,0.00588637690037365,0.00880038372974851,0.00132629250922529,0.0099743991589186
0.0016584930956485,0.0169011855828126,0.00826188170127849,0.00315589380607719,0.000680783845658764,0.0216347656679929,0.00551719212878275,0.00827665100912892,0.00121566684182296,0.00940301279701422
0.00153241855942912,0.0160135275567407,0.00778590060058637,0.00293351191110608,0.000617199776138447,0.0206390731320861,0.00517187428601791,0.00778502971990339,0.00111449930637819,0.0088653657293835
0.00141619113215805,0.0151737965715008,0.0073382158506679,0.00272725020340913,0.000559686692923316,0.0196905797851998,0.00484883943109554,0.0073235038135837,0.00102196182746371,0.00835941859407624
0.00130902152350119,0.0143793642898323,0.00691710154928519,0.00253590924790923,0.000507652332966905,0.0187870167401174,0.0045466107612602,0.00689018542728755,0.000937300450618246,0.00788325663097747
0.0012101852357511,0.0136277454271875,0.00652093869680235,0.00235838086461074,0.00046056341779253,0.0179262223813548,0.00426381132212838,0.00648330680132076,0.000859828578248214,0.00743508217204572
0.00111901713556333,0.0129165904027734,0.00614820860036948,0.00219364107693589,0.00041793966522217,0.0171061377173095,0.00399915720415896,0.0061012126798193,0.000788920831835348,0.00701320755444306
0.0010349064870275,0.0122436782986613,0.00579748666743033,0.00204074360680345,0.000379348419320067,0.0163248018765246,0.00375145119544545,0.00574235317034362,0.000724007482110751,0.00661604843772246
0.00095729240672859,0.0116069101239681,0.00546743656881201,0.00189881387491564,0.000344399833922496,0.0155803477510136,0.00351957686224174,0.00540527703874504,0.00066456939423618,0.00624211750628917
0.000885659704751992,0.0110043023795018,0.00515680475214009,0.00176704346764841,0.000312742551916182,0.0148709977883705,0.00330249303005806,0.00508862541618812,0.000610133439938286,0.00589001853855392
0.000819535078624189,0.0104339809169486,0.00486441528688541,0.00164468503470889,0.000284059828511514,0.014195059933331,0.00309922863958234,0.00479112589588322,0.000560268333008479,0.0055584408245214
0.000758483629976412,0.00989417508561425,0.0045891650229698,0.00153104758432879,0.000258066052203684,0.0135509237185373,0.00290887795307888,0.00451158699783079,0.000514580848644315,0.00524615391397653
0.000702105676287735,0.00938321215889825,0.00433001904552402,0.00142549214520974,0.000234503621990321,0.012937056503486,0.00273059608828263,0.00424889298068582,0.000472712390802251,0.00495200267792887
0.000650033832423009,0.00889951203203084,0.00408600640908355,0.0013274277667266,0.000213140143776321,0.0123519998599752,0.00256359485813349,0.00400199898069391,0.000434335875086606,0.00467490266652782
0.000601930338844724,0.00844158218212637,0.00385621613521899,0.00123630783103567,0.0001937659127986,0.0117943661018163,0.00240713889597661,0.00376992645851914,0.000399152897745068,0.00441383574725758
0.00055748461536143,0.00800801288126887,0.00363979345831642,0.00115162665273054,0.000176191652393239,0.0112628349561126,0.00226054204708624,0.00355175893566191,0.00036689116410433,0.00416784600784524
0.000516411021092278,0.00759747265313125,0.00343593630494059,0.00107291634354678,0.000160246482548023,0.0107561503730307,0.00212316400854987,0.00334663800304379,0.000337302152285096,0.00393603590895799
0.000478446802990471,0.00720870396351739,0.00324389199292625,0.000999743921343753,0.000145776094473474,0.0102731174706836,0.00199440720067476,0.00315375958520808,0.000310158990307237,0.00371756267241801
0.000443350216790548,0.00684051913519199,0.00306295413704175,0.000931708644195608,0.000132641109919999,0.00981259961150494,0.00187371385414864,0.00297237044444081,0.000285254526754224,0.00351163489131676
0.000410898805636559,0.00649179647741063,0.00289245974875411,0.000868439551910442,0.00012071560619905,0.00937351560630593,0.00176056329820207,0.00280176490995443,0.000262399577030851,0.00331750934906113
0.000380887822920898,0.00616147662067034,0.00273178651828932,0.000809593198673616,0.000109885789859953,0.00895483704207355,0.00165446943598003,0.00264128181808882,0.00024142132893733,0.00313448803502359
0.000353128787027047,0.00584855904735845,0.00258035026782546,0.000754851561786057,0.000100048803756927,0.00855558572946974,0.00155497839423817,0.00249030165027101,0.000222161892812532,0.00296191534509644
0.000327448156732415,0.00555209880917534,0.00243760256527743,0.000703920112646718,9.11116538346135e-05,0.00817483126593864,0.00146166633533377,0.00234824385623182,0.000204476982884227,0.00279917545606193
0.000303686116998664,0.00527120342243506,0.002303028488728,0.000656526037217383,8.29902433858488e-05,0.00781168871030008,0.00137413742028689,0.00221456435070431,0.000188234717718216,0.00264568986328257
0.00028169546576391,0.00500502993260306,0.00217614453213174,0.00061241659421357,7.56085038100279e-05,0.00746531636471005,0.00129202191244317,0.00208875317252382,0.000173314528793638,0.00250091507178912
0.00026134059316125,0.00475278213970225,0.00205649664346432,0.000571357600193261,6.88976120404353e-05,0.00713491365989339,0.00121497441197953,0.00197033229571286,0.000159606167259476,0.00236434043139509
0.000242496545327867,0.00451370797650551,0.00194365838701005,0.000533132031571195,6.27952858287278e-05,0.00681971913959731,0.00114267221215959,0.00185885358276485,0.000147008799857895,0.00223548610699531
0.000225048165644237,0.00428709703172903,0.0018372292219761,0.000497538734375797,5.72451489870912e-05,0.00651900854027479,0.00107481376886861,0.00175389687094047,0.000135430185842304,0.00211390117571315
0.000208889306859754,0.0040722782107413,0.00173683289009169,0.000464391233293189,5.21961595049705e-05,0.00623209296208065,0.0010111172755403,0.00165506818295856,0.000124785927480749,0.00199916184304372
0.000193922108123996,0.00386861752660738,0.00164211590529666,0.000433516632213019,4.76020941878735e-05,0.00595831712734754,0.0009513193361333,0.00156199805400119,0.000114998787425684,0.00189086977060149
0.000180056331456866,0.00367551601459079,0.00155274613904569,0.000404754599108245,4.34210841197294e-05,0.00569705772280291,0.00089517372932334,0.00147433996746075,0.000105998066856365,0.00178865050851844
0.000167208752660108,0.00349240776353702,0.0014684114951535,0.000377956428649451,3.96151958357655e-05,0.00544772182188857,0.000842450257552543,0.00139176889233645,9.77190388662416e-05,0.00169215202595478
0.000155302602101108,0.00331875805785936,0.00138881866848298,0.00035298417647781,3.61500536171527e-05,0.00520974538365058,0.000792933675020183,0.00131397991563966,9.01024320803906e-05,0.00160104333357847
0.000144267051191054,0.0031540616241393,0.00131369198213377,0.000329709859542567,3.29944987882332e-05,0.00498259182477702,0.000746422689112398,0.00124068696359266,8.30939599524166e-05,0.00151501319224255
0.000134036740736691,0.00299784097663781,0.0012427722981233,0.000308014717352389,3.01202823177955e-05,0.00476575066147371,0.000702729030153184,0.00117162160580619,7.66438916108356e-05,0.0014337689024423
0.000124551347671034,0.00284964485629155,0.00117581599686799,0.000287788529398117,2.75017874027706e-05,0.00455873621798297,0.000661676584717698,0.00110653193699668,7.07066605060333e-05,0.00135703516946735
0.000115755186966237,0.00270904675803504,0.00111259402106854,0.000268928984379901,2.51157790505166e-05,0.00436108639866436,0.000623100588082603,0.00104518153115748,6.52405074541379e-05,0.00128455303947766
0.000107596845803814,0.00257564354155076,0.00105289097988223,0.000251341097217345,2.29411779786629e-05,0.0041723615206727,0.000586846871699035,0.000987348463429801,6.02071549870582e-05,0.00121607890202917
0.000100028847325854,0.00244905412079836,0.000996504309527131,0.000234936670139168,2.09588564229784e-05,0.00399214320438191,0.000552771161862828,0.000932824395229513,5.5571510201485e-05,0.00115138355485341
9.30073415178011e-05,0.00232891822791489,0.00094324348670884,0.000219633794441418,1.91514536872178e-05,0.00382003331881688,0.000520738426025652,0.000881413718477228,5.13013935567397e-05,0.00109025132695811
8.64918209807633e-05,0.00221489524730954,0.000892929291491456,0.000205356389772449,1.75032094873126e-05,0.00365565297946665,0.000490622263440875,0.000832932755051927,4.73672913044229e-05,0.0010324792563627
8.04448595406754e-05,0.00210666311599679,0.000845393116450753,0.000192033778050405,1.5999813338238e-05,0.00349864159596154,0.000462304337070471,0.000787209007843372,4.374212944415e-05,0.00097787631901484
7.48318718148408e-05,0.00200391728642436,0.000800476319150565,0.000179600289346865,1.46282684077666e-05,0.00334865596720365,0.000435673843895653,0.000744080460017764,4.0401067291359e-05,0.000926262705652014
6.9620892014554e-05,0.001906369748254,0.000758029615173659,0.000167994897279848,1.33767684191862e-05,0.00320536942164421,0.000410627020974782,0.000703394919334299,3.73213089170575e-05,0.000877469143576896
6.47823704071521e-05,0.00181374810574623,0.000717912509116536,0.000157160881652287,1.22345863268165e-05,0.00306847100050305,0.000387066684779024,0.000665009404559498,3.44819308771412e-05,0.000831336260507657
6.0288985993065e-05,0.0017257947075836,0.000679992761124477,0.000147045516249564,1.11919736154569e-05,0.00293766468182279,0.000364901801509697,0.000628789571221243,3.18637247920858e-05,0.000787713987844204
5.61154740743374e-05,0.00164226582614198,0.00064414588669964,0.000137599779872993,1.02400691892631e-05,0.00281266864334688,0.000344047086262696,0.000594609174127283,2.94490534677671e-05,0.000746461000860755
5.22384675016471e-05,0.00156293088338536,0.000610254687660986,0.000128778088836473,9.37081691829771e-06,0.00269321456230133,0.000324422629055126,0.00056234956424332,2.72217193661235e-05,0.000707444193493416
4.8636350487994e-05,0.00148757172071738,0.00057820881227208,0.000120538049291873,8.57689100334918e-06,0.00257904695024966,0.000305953545868663,0.000531899217685227,2.51668443415061e-05,0.000670538185540071
4.5289123969726e-05,0.00141598191027254,0.000547904342680704,0.000112840227876037,7.85162840262941e-06,0.00246992252127575,0.000288569652993423,0.000503153294728717,2.32707596558327e-05,0.000635624860229039
4.21782815802187e-05,0.00134796610527184,0.000519243407934147,0.000105647939289527,7.18896763860293e-06,0.00236560959183168,0.000272205163076384,0.000476013226878698,2.15209053740367e-05,0.000602592930243281
3.92866953789896e-05,0.00128333942720201,0.00049213382094619,9.89270495251577e-05,6.58339337033454e-06,0.00226588751066661,0.000256798401390051,0.000450386330170343,1.99057383215851e-05,0.000571337530409138
3.65985105499158e-05,0.00122192688770485,0.000466488737896602,9.26457935637203e-05,6.02988617713599e-06,0.00217054611732879,0.000242291540940795,0.00042618544299492,1.8414647858802e-05,0.000541759835372806
3.40990483471312e-05,0.00116356284318353,0.000442226338642074,8.67746064458314e-05,5.52387705363142e-06,0.00207938522780567,0.000228630355132672,0.000403328586856534,1.70378787930458e-05,0.000513766700694892
3.17747166265898e-05,0.00110809048024668,0.000419269526809182,8.12859667130857e-05,5.0612061652719e-06,0.0019922141459363,0.000215763986792075,0.000381738648571411,1.57664608100758e-05,0.00048727032589352
2.96129273557125e-05,0.00105536133021866,0.000397545648325753,7.61542512893477e-05,4.63808545735811e-06,0.00190885119929769,0.000203644732441777,0.000361343082519828,1.459214386076e-05,0.000462187938060328
2.76020205433583e-05,0.00100523481104618,0.000376986227227079,7.13556009444951e-05,4.25106475027455e-06,0.00182912329832987,0.000192227840790181,0.000342073631652665,1.3507338989134e-05,0.000438441494761395
2.57311940780309e-05,0.000957577795027479,0.000357526717648502,6.68677955488387e-05,3.89700098934823e-06,0.00175286551752578,0.000181471324473477,0.000323866066040344,1.25050641331693e-05,0.000415957405017331
2.39904390040553e-05,0.0009122642008811,0.000339106270985791,6.26701383871322e-05,3.57303034991015e-06,0.0016799206975702,0.000171335784155074,0.000306659937831905,1.15788944708735e-05,0.000394666267233617
2.23704798038008e-05,0.000869174608756607,0.000321667517270361,5.87433488570339e-05,3.27654292712518e-06,0.0016101390673675,0.000161784244148758,0.00029039835156663,1.07229169218954e-05,0.000374502623024173
2.08627192891638e-05,0.000828195896870701,0.000305156359867559,5.50694629284724e-05,3.00515976627967e-06,0.00154337788495096,0.00015278199878962,0.000275027748850387,9.93168844898862e-06,0.000355404725938494
1.9459187737734e-05,0.000789220898528141,0.000289521782663432,5.16317407878651e-05,2.75671201276681e-06,0.0014795010963169,0.000144296468830385,0.000260497706473738,9.2001978348016e-06,0.000337314324165541
1.81524959386058e-05,0.000752148078358771,0.000274715668958995,4.8414581135014e-05,2.5292219822472e-06,0.00141837901127493,0.000136297067190574,0.000246760747109665,8.5238306378003e-06,0.000320176456346588
1.69357918398845e-05,0.000716881226669773,0.000260692631340949,4.54034416408833e-05,2.32088597061418e-06,0.00135988799545177,0.000128755073432196,0.000233772161785311,7.89833705693435e-06,0.000303939259684286
1.58027205147776e-05,0.000683329170875917,0.000247409851844586,4.2584765111747e-05,2.13005864067243e-06,0.00130391017762898,0.000121643516378694,0.000221489843374958,7.3198024581683e-06,0.000288553789586695
1.4747387185964e-05,0.000651405503030945,0.000234826931768358,3.99459109395895e-05,1.9552388380298e-06,0.00125033317163748,0.000114937064333922,0.000209874130410827,6.7846203374196e-06,0.000273973850133434
1.37643230688372e-05,0.000621028322539796,0.000222905750540429,3.74750914503402e-05,1.79505670277271e-06,0.00119904981207019,0.000108611922395057,0.000198887660554231,6.28946751396627e-06,0.000260155834696031
1.28484538134235e-05,0.000592119993184789,0.000211610333075727,3.5161312790797e-05,1.64826195619864e-06,0.00114995790311236,0.000102645736387993,0.000188495233112612,5.83128136618088e-06,0.000247058576086937
1.19950703423914e-05,0.000564606913649235,0.000200906725097794,3.29943200221034e-05,1.5137132533489e-06,0.0011029599798247,9.70175029859273e-05,0.000178663680028036,5.4072389376713e-06,0.000234643205651069
1.11998018987424e-05,0.00053841930076932,0.000190762875933067,3.09645461125681e-05,1.39036850244323e-06,0.00105796308124795,9.17074856017612e-05,0.000169361744800172,5.01473775670091e-06,0.00022287302075076
1.04585911316313e-05,0.000513490984789685,0.000181148528316528,2.90630645456226e-05,1.27727606167558e-06,0.0010148785347304,8.6697135672772e-05,0.000160559968841662,4.65137822525422e-06,0.000211713360129554
9.76767106240352e-06,0.000489759215940219,0.000172035114776826,2.72815452799588e-05,1.17356673228505e-06,0.000973621750909954,8.19690189819275e-05,0.000152230584796449,4.31494744642282e-06,0.00020113148667267
9.12354378546957e-06,0.000467164481691124,0.000163395660196337,2.56122138185156e-05,1.07844647445691e-06,0.000934112028811704,7.75067466842998e-05,0.000144347416382018,4.0034043700165e-06,0.000191096477112228
8.52296077014845e-06,0.000445650334080516,0.00015520469016712,2.40478131610796e-05,9.91189779515449e-07,0.000896272370549343,7.32949107294413e-05,0.000136885784344948,3.71486614655394e-06,0.000181579118253656
7.96290464019385e-06,0.000425163226544027,0.000147438144787709,2.25815684320225e-05,9.11133638115329e-07,0.000860029305145251,6.93190233914836e-05,0.000129822418145737,3.44759558914377e-06,0.000172551809326276
7.44057231743942e-06,0.00040565235970878,0.000140073297567975,2.12071539901458e-05,8.37672049785233e-07,0.00082531272100868,6.55654606381217e-05,0.000123135373013594,3.19998965130691e-06,0.000163988470085839
6.95335942493782e-06,0.000387069535645269,0.000133088679130237,1.99186628418922e-05,7.70251024285805e-07,0.000792055706635256,6.20214090877281e-05,0.000116803952035082,2.97056883659129e-06,0.000155864454320039
6.49884585318768e-06,0.000369369020099923,0.000126464005414358,1.87105781923866e-05,7.08364029865118e-07,0.000760194399113286,5.86748163206806e-05,0.000110808632962089,2.75796746295306e-06,0.000148156468429802
6.07478240059933e-06,0.000352507412258717,0.000120180110112902,1.75777469809718e-05,6.51547847677109e-07,0.000729667840043778,5.55143443266636e-05,0.000105130999444818,2.56092471138675e-06,0.000140842494779505
5.6790784063008e-06,0.000336443521618078,0.000114218881079518,1.65153552591833e-05,5.99378795413092e-07,0.000700417838501027,5.2529325884284e-05,9.97536764143355e-05,2.37827639423074e-06,0.000133901719528325
5.30979029978099e-06,0.000321138251563856,0.0001085632004698,1.55189052795397e-05,5.51469286623392e-07,0.000672388840679992,4.97097236829596e-05,9.46602693568542e-05,2.2089473840095e-06,0.000127314464672825
4.9651109977478e-06,0.00030655448928197,0.000103196888388836,1.45841941731684e-05,5.07464695308445e-07,0.000645527805894575,4.7046092009674e-05,8.98353072383847e-05,2.05194464863913e-06,0.000121062124047535
4.64336008399638e-06,0.000292657001646158,9.81046498337582e-05,1.37072941032081e-05,4.6704049816917e-07,0.000619784088608394,4.45295408350168e-05,8.52641888538001e-05,1.90635084336374e-06,0.000115127103046013
4.34297471306101e-06,0.000279412336748488,9.32720247327018e-05,1.2884533789181e-05,4.29899669451424e-07,0.000595109326195699,4.21517021438948e-05,8.09331323887211e-05,1.77131841394096e-06,0.000109492761839476
4.06250118301576e-06,0.000266788730757579,8.86853408939555e-05,1.21124813051623e-05,3.95770305625934e-07,0.000571457332145802,3.99046983665603e-05,7.6829127996086e-05,1.64606416939218e-06,0.000104143361883865
3.80058712700847e-06,0.000254756019807435,8.43316696905534e-05,1.13879280616373e-05,3.64403459234951e-07,0.00054878399443884,3.77811127751348e-05,7.29398932018311e-05,1.52986428610538e-06,9.90640155190678e-05
3.55597427700418e-06,0.000243285556636932,8.01987843164066e-05,1.07078738874773e-05,3.35571163131413e-07,0.000527047178834801,3.57739617197147e-05,6.92538309658613e-05,1.42204970825629e-06,9.42406384760627e-05
3.32749175679519e-06,0.000232350131715868,7.62751204601525e-05,1.00695131345137e-05,3.09064628053716e-07,0.000506206636830821,3.38766685864314e-05,6.57599902354732e-05,1.3220019124204e-06,8.96599051190596e-05
3.11404986463507e-06,0.000221923898608683,7.25497392523854e-05,9.47022173279482e-06,2.84692598036723e-07,0.000486223918054331,3.2083039367577e-05,6.24480288386687e-05,1.22914900690998e-06,8.53092062602935e-05
2.914634308893e-06,0.000211982303341061,6.90122923507944e-05,8.90754512979561e-06,2.62279849571912e-07,0.000467062286871476,3.03872397411149e-05,5.93081785744011e-05,1.14296213880523e-06,8.11766093950399e-05
2.7283008629284e-06,0.000202502017548059,6.5652989036057e-05,8.37918705165424e-06,2.41665821711012e-07,0.000448686643001477,2.87837735636216e-05,5.6331212365782e-05,1.06295218387962e-06,7.72508212137264e-05
2.55417040796543e-06,0.00019346087519495,6.24625651991085e-05,7.88299902895932e-06,2.22703365469926e-07,0.000431063445938287,2.72674626869746e-05,5.35084133506887e-05,9.88666696660922e-07,7.35211522567163e-05
2.39142433512907e-06,0.00018483781267385,5.94322541077199e-05,7.41697063373287e-06,2.05257601944755e-07,0.000414160642991016,2.58334280149583e-05,5.0831545792065e-05,9.19687099740243e-07,6.99774835855235e-05
2.23930027999794e-06,0.000176612812090372,5.65537588471498e-05,6.9792203780723e-06,1.89204879509381e-07,0.000397947600764151,2.4477071721414e-05,4.82928276975805e-05,8.55626093154768e-07,6.66102353518681e-05
2.09708816505251e-06,0.000168766847565041,5.38192263360382e-05,6.56798722845352e-06,1.74431821333337e-07,0.00038239503990776,2.3194060556657e-05,4.5884905045184e-05,7.96125266239433e-07,6.34103371531654e-05
1.96412652726417e-06,0.000161281834384122,5.12212228247276e-05,6.18162269297597e-06,1.6083445524816e-07,0.000367474972976382,2.19803101736341e-05,4.36008275175404e-05,7.40852895781525e-07,6.0369200069771e-05
1.83979910979134e-06,0.000154140580843877,4.87527107888263e-05,5.81858344187037e-06,1.48317418707327e-07,0.000353160645243615,2.08319704097352e-05,4.14340256543671e-05,6.8950191563078e-07,5.74786902856324e-05
1.72353169833791e-06,0.000147326742641009,4.64070271361124e-05,5.47742442440853e-06,1.36793232236104e-07,0.000339426478327067,1.97454114643145e-05,3.93782893373381e-05,6.41788044126051e-07,5.47311041999082e-05
1.61478918419364e-06,0.000140824779670378,4.41778626498167e-05,5.15679244796593e-06,1.26181635359339e-07,0.000326248016485719,1.87172109158378e-05,3.74277475274977e-05,5.97448056807734e-07,5.21191449426795e-05
1.51307283732959e-06,0.000134619915098856,4.20592425959875e-05,4.85542018741129e-06,1.16408979532884e-07,0.000313601875458724,1.77441415261896e-05,3.55768491800871e-05,5.56238192901667e-07,4.96359002130935e-05
1.41791777416932e-06,0.000128698096591562,4.0045508426976e-05,4.57212059524575e-06,1.07407673093044e-07,0.000301465693721284,1.68231597830424e-05,3.38203452663175e-05,5.17932684991999e-07,4.72748213631651e-05
1.32889060580944e-06,0.000123045959573631,3.81313005171811e-05,4.30578168499684e-06,9.91156736826718e-08,0.000289818086039488,1.59513951343383e-05,3.21532718359604e-05,4.82322402155597e-07,4.50297036550596e-05
1.24558725352672e-06,0.00011765079241722,3.63115418710139e-05,4.05536166230767e-06,9.14760240164481e-08,0.000278638599211966,1.51261398718751e-05,3.05709340586961e-05,4.49213597615107e-07,4.28946676239809e-05
1.16763091939211e-06,0.000112500503449617,3.45814227466516e-05,3.81988437995651e-06,8.44364272152421e-08,0.000267907669891854,1.43448396237404e-05,2.90688911859695e-05,4.18426752687626e-07,4.08641414828395e-05
1.09467020071902e-06,0.000107583589684092,3.29363861425117e-05,3.59843509470617e-06,7.79488582735109e-08,0.000257606584387894,1.36050844178979e-05,2.76429423786681e-05,3.89795509466567e-07,3.89328445086657e-05
1.02637733791209e-06,0.00010288910718065,3.13721140965538e-05,3.39015650542954e-06,7.1969208527669e-08,0.000247717440348572,1.29046002816353e-05,2.62891133492822e-05,3.63165685280826e-07,3.70957713542979e-05
9.62446586056796e-07,9.84066429489578e-05,2.98845147514843e-05,3.19424505339194e-06,6.64569602699097e-08,0.000238223110238027,1.2241241343823e-05,2.50036437703425e-05,3.3839436253226e-07,3.53481772322232e-05
9.02592701306383e-07,9.41262883106177e-05,2.84697101417343e-05,3.00994746690369e-06,6.13748889036663e-08,0.000229107206517012,1.16129824090288e-05,2.37829754038629e-05,3.15349048023711e-07,3.36855639205908e-05
8.46549533783784e-07,9.00386136425284e-05,2.7124024660692e-05,2.83655753379274e-06,5.66887902659463e-08,0.000220354048446513,1.10179119744939e-05,2.26237409092727e-05,2.93906896359407e-07,3.21036665443625e-05
7.94068719327699e-07,8.61346444274021e-05,2.5843974169141e-05,2.67341308629702e-06,5.23672309503925e-08,0.000211948630435767,1.04542256628041e-05,2.15227532899006e-05,2.73953992431017e-07,3.05984410873436e-05
7.44918462977402e-07,8.24058385415915e-05,2.46262557081561e-05,2.51989318404286e-06,4.83813196547904e-08,0.000203876591860272,9.92022004481012e-06,2.04769959404943e-05,2.55384688398832e-07,2.91660525934382e-05
6.9888240761323e-07,7.88440647142303e-05,2.34677377818838e-05,2.37541548176708e-06,4.47044977497073e-08,0.000196124188279142,9.41428682894412e-06,1.94836132605255e-05,2.3810099094176e-07,2.78028640179153e-05
6.55758581653194e-07,7.54415820953105e-05,2.23654511776687e-05,2.23943376936223e-06,4.1312347422488e-08,0.000188678263984614,8.93490739458526e-06,1.85399018001618e-05,2.22011994884463e-07,2.65054256917782e-05
6.15358420153143e-07,7.21910208737575e-05,2.13165802929016e-05,2.11143567267966e-06,3.81824158943457e-08,0.000181526225819875,8.48064764852366e-06,1.76433019077783e-05,2.07033359617533e-07,2.52704653644788e-05
5.77505854071261e-07,6.90853638897818e-05,2.03184549397608e-05,1.9909405043208e-06,3.52940543390595e-08,0.000174656018204507,8.05015318488612e-06,1.67913898497553e-05,1.93086825009407e-07,2.40948787922542e-05
5.42036462840524e-07,6.61179291888516e-05,1.93685426007122e-05,1.87749725438717e-06,3.26282702509871e-08,0.000168056099309911,7.6421447301132e-06,1.59818703750668e-05,1.80099763768775e-07,2.29757208412722e-05
5.0879668574638e-07,6.32823534674881e-05,1.84644411092163e-05,1.77068271184579e-06,3.01675921187191e-08,0.000161715418329833,7.25541385572556e-06,1.52125696988081e-05,1.68004767455263e-07,2.19101970765583e-05
4.77643087934789e-07,6.05725763638167e-05,1.76038717315828e-05,1.67009970780713e-06,2.78959453597444e-08,0.000155623393793873,6.88881894269038e-06,1.44814288803591e-05,1.56739263556102e-07,2.08956558093669e-05
4.48441677178861e-07,5.79828255483616e-05,1.67846726273196e-05,1.57537547260625e-06,2.57985385618129e-08,0.000149769892874418,6.54128138220836e-06,1.37864975733323e-05,1.46245161248873e-07,1.99295805772457e-05
4.21067267812968e-07,5.55076025729928e-05,1.60047926666332e-05,1.48616009913056e-06,2.38617591590221e-08,0.000144145211639852,6.21178199867889e-06,1.31259281258127e-05,1.36468523656417e-07,1.90095830325265e-05
3.95402888503214e-07,5.31416694382185e-05,1.52622855849871e-05,1.40212510535258e-06,2.20730777457841e-08,0.000138740056209227,5.89935768148594e-06,1.24979700106793e-05,1.27359264571369e-07,1.81333962163857e-05
3.71339230763707e-07,5.08800358411701e-05,1.45553044557784e-05,1.32296208950321e-06,2.04209603003589e-08,0.000133545524765772,5.60309821307134e-06,1.19009645669949e-05,1.18870867785326e-07,1.72988681969267e-05
3.48774135350879e-07,4.87179470686646e-05,1.38820964632965e-05,1.24838147176699e-06,1.88947876521614e-08,0.000128553090388675,5.32214328153538e-06,1.13333400345788e-05,1.10960127302788e-07,1.6503956050982e-05
3.27612113874756e-07,4.66508725016518e-05,1.3240997959157e-05,1.17811131679466e-06,1.74847815841264e-08,0.000123754584664614,5.05567966672911e-06,1.07936068649377e-05,1.03586906853546e-07,1.57467201705006e-05
3.07763903157008e-07,4.46744946991666e-05,1.26304297863662e-05,1.1118962317134e-06,1.61819370134873e-08,0.000119142182042306,4.80293858948033e-06,1.02803532927182e-05,9.67139172401808e-08,1.50253188754766e-05
2.8914605004306e-07,4.27846990316253e-05,1.20488928560951e-05,1.04949633467453e-06,1.49779597418787e-08,0.000114708384895212,4.5631932142324e-06,9.79224115278424e-06,9.03065101705912e-08,1.43380033164161e-05
2.71680524539551e-07,4.09775638349196e-05,1.14949639630853e-05,9.90686289311699e-07,1.38652093090831e-08,0.000110446009259165,4.33575629596758e-06,9.32800192889495e-06,8.4332487329756e-08,1.36831126503056e-05
2.5529435930069e-07,3.92493510582979e-05,1.09672918264293e-05,9.35254400793988e-07,1.2836646524385e-08,0.000106348171213347,4.11997796284802e-06,8.88643302078466e-06,7.87619235410396e-08,1.3059069474961e-05
2.39919313628029e-07,3.75964973804625e-05,1.04645933432164e-05,8.83001769447702e-07,1.18857852857025e-08,0.000102408273874536,3.91524362652719e-06,8.46639421721882e-06,7.35670029558499e-08,1.24643755074992e-05
2.25491560278978e-07,3.60156057696842e-05,9.98565004325633e-06,8.33741498190258e-07,1.1006648329746e-08,9.86199949760274e-05,3.72097201257735e-06,8.06680436332976e-06,6.87218672920414e-08,1.18976074934821e-05
2.11951393500584e-07,3.45034374650179e-05,9.52930473376246e-06,7.87297950270613e-07,1.01937265866653e-08,9.49772750039741e-05,3.53661330393593e-06,7.68663821121613e-06,6.42024752165957e-08,1.13574133340486e-05
1.99242956817497e-07,3.30569043569332e-05,9.09445832351044e-06,7.43506054044836e-07,9.44194184026529e-09,9.14743058652572e-05,3.36164739070643e-06,7.32492344343594e-06,5.99864720374322e-08,1.0842508419065e-05
1.87313989207348e-07,3.16730617468167e-05,8.6800668165827e-06,7.02210651733176e-07,8.74661242010364e-09,8.81055200621937e-05,3.19558222005163e-06,6.98073785962405e-06,5.60530689330383e-08,1.0351672155006e-05
1.76115588393372e-07,3.0349101465896e-05,8.28513846637194e-06,6.63265889308013e-07,8.10342167484936e-09,8.48655803505992e-05,3.0379522402966e-06,6.65320671703438e-06,5.23829310074975e-08,9.88374467691004e-06
1.65601990073939e-07,2.90823453351705e-05,7.90873108104383e-06,6.2653464485159e-07,7.5083889973747e-09,8.17493698588539e-05,2.88831693371439e-06,6.34150021634098e-06,4.89580735128161e-08,9.43762373435744e-06
1.55730361991753e-07,2.78702389488997e-05,7.54994947215734e-06,5.91887992898526e-07,6.95784319132924e-09,7.87519826466717e-05,2.74625943279971e-06,6.04483112453294e-06,4.57617656304839e-08,9.01226174198317e-06
1.46460611822815e-07,2.67103457651244e-05,7.20794303860837e-06,5.59204702442539e-07,6.44839798658211e-09,7.58687146832975e-05,2.61138521514895e-06,5.76245252721079e-06,4.27784412504262e-08,8.60666298556832e-06
1.37755207936835e-07,2.56003414875685e-05,6.88190347850602e-06,5.28370766440344e-07,5.97692952704583e-09,7.30950552258416e-05,2.48332087235845e-06,5.49365570303727e-06,3.99936162281002e-08,8.21988097525832e-06
1.29579012147373e-07,2.45380087240896e-05,6.57106262200396e-06,4.99278960788201e-07,5.54055566914708e-09,7.04266785793478e-05,2.36171294862709e-06,5.23776811350987e-06,3.73938116397955e-08,7.85101593792608e-06
1.21899123631672e-07,2.35212319076264e-05,6.27469037850249e-06,4.71828430880117e-07,5.13661694271114e-09,6.78594362210941e-05,2.24622684500862e-06,4.99415150161938e-06,3.49664825924835e-08,7.4992124411468e-06
1.14684733257545e-07,2.25479924663277e-05,5.99209279200589e-06,4.45924303980887e-07,4.76265903837586e-09,6.53893492724404e-05,2.13654578550078e-06,4.76220009332473e-06,3.2699952178038e-08,7.1636571416689e-06
1.07906987607861e-07,2.16163642302448e-05,5.7226101987672e-06,4.21477325763046e-07,4.41641669695743e-09,6.30126013023392e-05,2.03236984138582e-06,4.54133889612514e-06,3.05833501925439e-08,6.84357665166339e-06
1.01538862042629e-07,2.07245090626271e-05,5.46561548167963e-06,3.98403519464928e-07,4.0957988865358e-09,6.07255314473607e-05,1.93341501045085e-06,4.3310220893356e-06,2.86065562699464e-08,6.53823551640546e-06
9.55550421846173e-08,1.98706727044855e-05,5.22051241618407e-06,3.76623866227945e-07,3.79887516250194e-09,5.8524627833822e-05,1.83941234791638e-06,4.13073150098163e-06,2.67601471056243e-08,6.2469342973961e-06
8.99318132570587e-08,1.90531808216797e-05,4.98673410275224e-06,3.56064005265286e-07,3.523863114481e-09,5.64065212882671e-05,1.75010714609041e-06,3.93997516651799e-06,2.50353474697988e-08,5.96900775526156e-06
8.46469567416301e-08,1.82704352443389e-05,4.76374148127961e-06,3.36653952602031e-07,3.26911681198889e-09,5.43679793232079e-05,1.66525815994132e-06,3.75828596484958e-06,2.34239847331422e-08,5.70382312708229e-06
7.96796538617323e-08,1.75209103889614e-05,4.55102192298202e-06,3.18327837208704e-07,3.03311616795375e-09,5.24059003856426e-05,1.58463687594951e-06,3.58522032738958e-06,2.19184466477053e-08,5.45077849309844e-06
7.50103954302706e-08,1.68031498540326e-05,4.34808789563251e-06,3.01023653426792e-07,2.81445714589781e-09,5.05173083564617e-05,1.50802682175331e-06,3.42035701613218e-06,2.05116421454409e-08,5.20930122801664e-06
7.06208976329511e-08,1.61157631804773e-05,4.15447569820595e-06,2.84683028656084e-07,2.61184274267905e-09,4.86993472893967e-05,1.43522291425109e-06,3.26329596694432e-06,1.91969649343123e-08,4.97884653240565e-06
6.64940233476617e-08,1.54574227687108e-05,3.96974426121614e-06,2.69251005340556e-07,2.42407468428706e-09,4.69492763787124e-05,1.36603084395954e-06,3.11365719449666e-06,1.79682596883345e-08,4.7588960399168e-06
6.26137086279683e-08,1.48268609444762e-05,3.79347400923398e-06,2.54675836351539e-07,2.25004577731252e-09,4.52644651453336e-05,1.30026649355664e-06,2.97107975545481e-06,1.68197906430175e-08,4.54895649629778e-06
5.8964894004307e-08,1.42228671660589e-05,3.62526578226934e-06,2.40908792925317e-07,2.08873286340913e-09,4.36423888315904e-05,1.2377553886602e-06,2.83522076674343e-06,1.57462124216563e-08,4.3485585063899e-06
5.5533460280195e-08,1.3644285365849e-05,3.46473981288075e-06,2.27903984366368e-07,1.93919032837323e-09,4.20806239952105e-05,1.1783321790062e-06,2.70575447587418e-06,1.47425429308341e-08,4.15725534550664e-06
5.23061685228794e-08,1.30900114195828e-05,3.31153475604961e-06,2.15618188778364e-07,1.8005441214156e-09,4.05768442936345e-05,1.12184014829909e-06,2.58237138049849e-06,1.38041381754447e-08,3.97462183178783e-06
4.92706039683641e-08,1.25589907369356e-05,3.16530676901662e-06,2.04010694132303e-07,1.6719862438201e-09,3.91288164501339e-05,1.06813075110665e-06,2.46477739450407e-06,1.29266688545869e-08,3.80025325630883e-06
4.64151235798852e-08,1.20502159674634e-05,3.02572863843291e-06,1.93043149025504e-07,1.55276966950511e-09,3.77343963936129e-05,1.01706317526713e-06,2.35269305812565e-06,1.21060986098977e-08,3.63376436790022e-06
4.37288070166677e-08,1.15627248161946e-05,2.89248895232127e-06,1.82679422526493e-07,1.442203663049e-09,3.63915255643493e-05,9.68503928365383e-07,2.2458527896806e-06,1.13386638073354e-08,3.47478840979741e-06
4.12014107863238e-08,1.10955979634641e-05,2.76529131447991e-06,1.72885472539511e-07,1.3396494635343e-09,3.50982273782803e-05,9.22326446918437e-07,2.1440041766738e-06,1.06208547421598e-08,3.32297620539623e-06
3.88233253696719e-08,1.06479570838605e-05,2.64385359909013e-06,1.63629222158492e-07,1.24451630512982e-09,3.38526038427951e-05,8.78410726990163e-07,2.04690730414247e-06,9.94939816494552e-09,3.17799529053858e-06
3.658553512104e-08,1.02189629594096e-05,2.52790724341017e-06,1.54880443514089e-07,1.15625774768048e-09,3.26528323173004e-05,8.36642975028319e-07,1.95433411822859e-06,9.32124103393609e-09,3.03952908988958e-06
3.44795807604726e-08,9.80781368237478e-06,2.41719657655271e-06,1.46610648648947e-07,1.07436829273436e-09,3.14971624121512e-05,7.96915277787358e-07,1.86606782307994e-06,8.73353540597333e-09,2.907276135101e-06
3.24975242866605e-08,9.41374294327981e-06,2.31147818245186e-06,1.38792986985923e-07,9.9838026241728e-10,3.03839130198238e-05,7.59125290265888e-07,1.78190230928486e-06,8.18362438463919e-09,2.78094932257869e-06
3.06319161509552e-08,9.03601839998676e-06,2.21052029522725e-06,1.31402148981495e-07,9.27860920383571e-10,2.93114694724895e-05,7.23175940649284e-07,1.70164161214569e-06,7.66902905017451e-09,2.66027520878892e-06
2.88757645435956e-08,8.67394012387041e-06,2.11410222525031e-06,1.24414275582488e-07,8.62409815742222e-10,2.82782808204172e-05,6.88975151306102e-07,1.62509939818946e-06,7.1874363012292e-09,2.54499334115034e-06
2.72225066532867e-08,8.32683911932957e-06,2.02201381430814e-06,1.17806873128319e-07,8.01656332390223e-10,2.72828572258871e-05,6.56435574941621e-07,1.55209847840269e-06,6.73668754357941e-09,2.43485562266157e-06
2.56659817705877e-08,7.99407591306499e-06,1.93405491834753e-06,1.11558733363567e-07,7.45257427593118e-10,2.63237674675332e-05,6.25474345063116e-07,1.48247034676043e-06,6.31476816564926e-09,2.32962570851449e-06
2.42004061142643e-08,7.67503920973334e-06,1.85003491636241e-06,1.05649858246762e-07,6.92895544946128e-10,2.53996365502758e-05,5.96012839959961e-07,1.41605474269847e-06,5.91979774503506e-09,2.22907843303571e-06
2.28203492678493e-08,7.36914461075577e-06,1.76977224406531e-06,1.00061389261083e-07,6.44276688037169e-10,2.45091434162135e-05,5.6797645944721e-07,1.35269923625166e-06,5.55002093426275e-09,2.13299926538813e-06
2.15207121211849e-08,7.07583339322104e-06,1.69309395105611e-06,9.47755409510915e-08,5.99128642224307e-10,2.36510187520595e-05,5.41294413664088e-07,1.29225883465141e-06,5.20379897774733e-09,2.04118379254671e-06
2.02967062187553e-08,6.79457134597661e-06,1.61983528026994e-06,8.97755384269613e-08,5.57199332943363e-10,2.28240428889075e-05,5.1589952325931e-07,1.23459560924135e-06,4.87960181538669e-09,1.95343722814286e-06
1.91438344231585e-08,6.52484766014535e-06,1.5498392685513e-06,8.50455585938348e-08,5.18255309882711e-10,2.20270437902992e-05,4.91728030333022e-07,1.17957834163266e-06,4.57600073142945e-09,1.86957394584507e-06
1.80578728081584e-08,6.26617387144298e-06,1.48295636726239e-06,8.05706748790747e-08,4.82080347209414e-10,2.12588951247522e-05,4.68719419541082e-07,1.12708218807917e-06,4.29166151022878e-09,1.78941703601497e-06
1.70348537014568e-08,6.01808285180297e-06,1.41904408189231e-06,7.63368052443927e-08,4.48474150809513e-10,2.05185144190744e-05,4.46816248800985e-07,1.07698836110816e-06,4.02533806325109e-09,1.71279788444435e-06
1.60710498026081e-08,5.78012784793759e-06,1.35796662968785e-06,7.23306632830728e-08,4.17251164220869e-10,1.98048612889614e-05,4.25963989070512e-07,1.0291838274949e-06,3.77586649425885e-09,1.63955577204137e-06
1.5162959306454e-08,5.55188156458344e-06,1.29959461437943e-06,6.85397122149794e-08,3.8823946559531e-10,1.91169357435275e-05,4.06110872700152e-07,9.83561021718895e-07,3.54215957195701e-09,1.56953749439441e-06
1.43072919670495e-08,5.33293529028892e-06,1.24380471712359e-06,6.4952121603629e-08,3.61279748631855e-10,1.84537765605724e-05,3.87207749888367e-07,9.40017574086012e-07,3.32320158158392e-09,1.50259700019825e-06
1.35009560413521e-08,5.12289806370906e-06,1.19047940283105e-06,6.15567266305525e-08,3.36224380979429e-10,1.78144597295282e-05,3.69207952795463e-07,8.98456052745352e-07,3.11804352896423e-09,1.43859504758001e-06
1.27410460559511e-08,4.92139587847184e-06,1.13950664109216e-06,5.83429897723418e-08,3.12936534119482e-10,1.71980969591688e-05,3.52067166896678e-07,8.58783718870977e-07,2.92579867242641e-09,1.37739887741394e-06
1.20248313438435e-08,4.7280709247764e-06,1.0907796409538e-06,5.53009647353611e-08,2.91289379209754e-10,1.66038342472919e-05,3.35743309178775e-07,8.2091229431825e-07,2.74563835973789e-09,1.31888190276066e-06
1.13497453017565e-08,4.54258086597377e-06,1.04419659884039e-06,5.24212625120432e-08,2.71165343803922e-10,1.60308505097115e-05,3.2019641280656e-07,7.84757741101645e-07,2.57678814883352e-09,1.2629234136124e-06
1.07133753217569e-08,4.36459814846627e-06,9.99660458949378e-07,4.96950194310903e-08,2.5245542476035e-10,1.54783562660134e-05,3.05388517906674e-07,7.50240052075913e-07,2.41852419261767e-09,1.20940829616842e-06
1.01134533539259e-08,4.19380934334387e-06,9.57078685486191e-07,4.71138670817532e-08,2.3505855302028e-10,1.4945592379642e-05,2.91283568135741e-07,7.17283052235949e-07,2.27016986951787e-09,1.15822676590487e-06
9.54784705970695e-09,4.02991451825272e-06,9.16363046137119e-07,4.46699039997346e-08,2.18881006273361e-10,1.44318288499943e-05,2.77847312718569e-07,6.85814210081754e-07,2.13109264276268e-09,1.10927411374216e-06
9.01455151816927e-09,3.87262663806473e-06,8.77429406209945e-07,4.23556690091548e-08,2.0383586583936e-10,1.39363636542966e-05,2.65047213659526e-07,6.5576445852473e-07,2.00070113255893e-09,1.06245046464865e-06
8.51168144990227e-09,3.72167099298702e-06,8.40197532901885e-07,4.01641161215026e-08,1.89842514381072e-10,1.34585216371437e-05,2.52852357846855e-07,6.27068024839451e-07,1.87844238645993e-09,1.01766054805422e-06
8.0374639255471e-09,3.57678465281628e-06,8.04590909182588e-07,3.80885908985442e-08,1.76826171326925e-10,1.29976534456689e-05,2.41233373785218e-07,5.99662269191644e-07,1.76379933425117e-09,9.74813479479323e-07
7.59023152812458e-09,3.43771594610587e-06,7.70536556806506e-07,3.6122808191855e-08,1.64717463124458e-10,1.25531345084031e-05,2.30162352706413e-07,5.73487531297894e-07,1.65628841464142e-09,9.33822552816251e-07
7.16841594031981e-09,3.30422396307364e-06,7.37964867994168e-07,3.42608311769623e-08,1.53452025669262e-10,1.21243640559709e-05,2.19612773822127e-07,5.4848698479648e-07,1.55545736194021e-09,8.94605042728112e-07
6.77054192975579e-09,3.17607808113504e-06,7.06809445345956e-07,3.24970516050929e-08,1.42970136459892e-10,1.17107641818468e-05,2.09559433495609e-07,5.24606498931009e-07,1.46088314173042e-09,8.57082016658841e-07
6.39522170703621e-09,3.05305751200021e-06,6.77006949574196e-07,3.08261712001923e-08,1.33216374218789e-10,1.13117789414779e-05,1.99978378121504e-07,5.01794507169542e-07,1.37217002531495e-09,8.21178155973488e-07
6.04114963296845e-09,2.93495086932501e-06,6.48496954661225e-07,2.92431841332912e-08,1.24139303893978e-10,1.09268734881512e-05,1.9084684051469e-07,4.80001882402129e-07,1.28894779343026e-09,7.86821585772841e-07
5.70709725290146e-09,2.82155575595446e-06,6.21221810070932e-07,2.77433605103957e-08,1.15691185117261e-10,1.05555332440524e-05,1.82143179619943e-07,4.59181818378267e-07,1.21087006038368e-09,7.53943712949821e-07
5.39190863753869e-09,2.71267836984408e-06,5.95126509660846e-07,2.6322230813968e-08,1.07827702342963e-10,1.01972631050369e-05,1.7384682336461e-07,4.39289717063998e-07,1.13761271038788e-09,7.22479072077246e-07
5.09449601091254e-09,2.60813312778756e-06,5.70158566959618e-07,2.49755712416645e-08,1.00507715027968e-10,9.85158667769198e-06,1.65938214486211e-07,4.20283081614905e-07,1.06887243843785e-09,6.92365178737571e-07
4.81383564745246e-09,2.50774230612215e-06,5.46267896492348e-07,2.36993898894202e-08,9.36930263398065e-11,9.51804554733378e-06,1.5839875917615e-07,4.02121414677614e-07,1.00436538860892e-09,6.63542389925173e-07
4.54896402123738e-09,2.41133569762213e-06,5.23406700852186e-07,2.24899137291479e-08,8.73481689957416e-11,9.19619857564226e-06,1.51210778389362e-07,3.84766121747192e-07,9.43825883147585e-10,6.35953771170498e-07
4.29897419160812e-09,2.31875028382894e-06,5.01529363232268e-07,2.13435763343206e-08,8.14402069428293e-11,8.88562122669207e-06,1.44357461677976e-07,3.68180419322412e-07,8.87005236187126e-10,6.09544970053377e-07
4.06301241032974e-09,2.22982992210225e-06,4.80592345146596e-07,2.02570063095119e-08,7.59385516877545e-11,8.58590492019152e-06,1.37822823414803e-07,3.52329247614221e-07,8.3367064634645e-10,5.84264095789589e-07
3.84027493644045e-09,2.14442504671077e-06,4.60554089082369e-07,1.9227016382615e-08,7.08147921762563e-11,8.29665641079391e-06,1.31591661279757e-07,3.37179187575595e-07,7.83604162867853e-10,5.60061604591037e-07
3.63000504580882e-09,2.06239238331354e-06,4.41374925839358e-07,1.8250593120923e-08,6.60425372059721e-11,8.01749719239344e-06,1.25649516889283e-07,3.22698382033119e-07,7.36601720317931e-10,5.36890190514812e-07
3.43149022325014e-09,1.98359467621396e-06,4.23016986324423e-07,1.73248872345918e-08,6.15972694339965e-11,7.74806292636581e-06,1.199826384553e-07,3.08856460712065e-07,6.92472237219106e-10,5.14704681531088e-07
